name,PubChemID,InChIKey,InChIKey_CTS,Diff,InChI,IsomericSMILES,CanonicalSMILES,Correct
(-)-B-Citronellol,7793,QMVPMAAFGQKVCJ-JTQLQIEISA-N,NA,NA,"InChI=1S/C10H20O/c1-9(2)5-4-6-10(3)7-8-11/h5,10-11H,4,6-8H2,1-3H3/t10-/m0/s1",C[C@@H](CCC=C(C)C)CCO,CC(CCC=C(C)C)CCO
(-)-Camphene,440966,CRPUJAZIXJMDBK-BDAKNGLRSA-N,CRPUJAZIXJMDBK-BDAKNGLRSA-N,Same,"InChI=1S/C10H16/c1-7-8-4-5-9(6-8)10(7,2)3/h8-9H,1,4-6H2,2-3H3/t8-,9+/m1/s1",CC1([C@H]2CC[C@H](C2)C1=C)C,CC1(C2CCC(C2)C1=C)C
(-)-Carvone,439570,ULDHMXUKGWMISQ-SECBINFHSA-N,ULDHMXUKGWMISQ-SECBINFHSA-N,Same,"InChI=1S/C10H14O/c1-7(2)9-5-4-8(3)10(11)6-9/h4,9H,1,5-6H2,2-3H3/t9-/m1/s1",CC1=CC[C@H](CC1=O)C(=C)C,CC1=CCC(CC1=O)C(=C)C
(-)-Dihydrocarveol,443163,KRCZYMFUWVJCLI-OPRDCNLKSA-N,KRCZYMFUWVJCLI-OPRDCNLKSA-N,Same,"InChI=1S/C10H18O/c1-7(2)9-5-4-8(3)10(11)6-9/h8-11H,1,4-6H2,2-3H3/t8-,9-,10-/m1/s1",C[C@@H]1CC[C@H](C[C@H]1O)C(=C)C,CC1CCC(CC1O)C(=C)C
"(-)-Limonene oxide,mixture of cis and trans",10953718,CCEFMUBVSUDRLG-IDKOKCKLSA-N,NA,NA,"InChI=1S/C10H16O/c1-7(2)8-4-5-10(3)9(6-8)11-10/h8-9H,1,4-6H2,2-3H3/t8-,9?,10?/m0/s1",CC(=C)[C@H]1CCC2(C(C1)O2)C,CC(=C)C1CCC2(C(C1)O2)C
(-)-Menthone,26447,NFLGAXVYCFJBMK-BDAKNGLRSA-N,NFLGAXVYCFJBMK-BDAKNGLRSA-N,Same,"InChI=1S/C10H18O/c1-7(2)9-5-4-8(3)6-10(9)11/h7-9H,4-6H2,1-3H3/t8-,9+/m1/s1",C[C@@H]1CC[C@H](C(=O)C1)C(C)C,CC1CCC(C(=O)C1)C(C)C
(-)-Perillaaldehyde,2724159,RUMOYJJNUMEFDD-SNVBAGLBSA-N,RUMOYJJNUMEFDD-SNVBAGLBSA-N,Same,"InChI=1S/C10H14O/c1-8(2)10-5-3-9(7-11)4-6-10/h3,7,10H,1,4-6H2,2H3/t10-/m1/s1",CC(=C)[C@H]1CCC(=CC1)C=O,CC(=C)C1CCC(=CC1)C=O
(+)-2-Heptanol,2724897,CETWDUZRCINIHU-ZETCQYMHSA-N,CETWDUZRCINIHU-UHFFFAOYSA-N,Diff,"InChI=1S/C7H16O/c1-3-4-5-6-7(2)8/h7-8H,3-6H2,1-2H3/t7-/m0/s1",CCCCC[C@H](C)O,CCCCCC(C)O,PubChem
(+)-2-Octanol,2723888,SJWFXCIHNDVPSH-QMMMGPOBSA-N,SJWFXCIHNDVPSH-UHFFFAOYSA-N,Diff,"InChI=1S/C8H18O/c1-3-4-5-6-7-8(2)9/h8-9H,3-7H2,1-2H3/t8-/m0/s1",CCCCCC[C@H](C)O,CCCCCCC(C)O,PubChem
(+)-Camphene,92221,CRPUJAZIXJMDBK-DTWKUNHWSA-N,CRPUJAZIXJMDBK-BDAKNGLRSA-N,Diff,"InChI=1S/C10H16/c1-7-8-4-5-9(6-8)10(7,2)3/h8-9H,1,4-6H2,2-3H3/t8-,9+/m0/s1",CC1([C@@H]2CC[C@@H](C2)C1=C)C,CC1(C2CCC(C2)C1=C)C,PubChem
(+)-Camphor,159055,DSSYKIVIOFKYAU-XCBNKYQSSA-N,DSSYKIVIOFKYAU-OIBJUYFYSA-N,Diff,"InChI=1S/C10H16O/c1-9(2)7-4-5-10(9,3)8(11)6-7/h7H,4-6H2,1-3H3/t7-,10+/m1/s1",C[C@@]12CC[C@@H](C1(C)C)CC2=O,CC1(C2CCC1(C(=O)C2)C)C,PubChem
(+)-Dihydrocarveol,89755,KRCZYMFUWVJCLI-GUBZILKMSA-N,KRCZYMFUWVJCLI-OPRDCNLKSA-N,Diff,"InChI=1S/C10H18O/c1-7(2)9-5-4-8(3)10(11)6-9/h8-11H,1,4-6H2,2-3H3/t8-,9-,10-/m0/s1",C[C@H]1CC[C@@H](C[C@@H]1O)C(=C)C,CC1CCC(CC1O)C(=C)C,PubChem
(+)-Dihydrocarvone,22227,AZOCECCLWFDTAP-RKDXNWHRSA-N,AZOCECCLWFDTAP-IUCAKERBSA-N,Diff,"InChI=1S/C10H16O/c1-7(2)9-5-4-8(3)10(11)6-9/h8-9H,1,4-6H2,2-3H3/t8-,9-/m1/s1",C[C@@H]1CC[C@H](CC1=O)C(=C)C,CC1CCC(CC1=O)C(=C)C,PubChem
"(+)-Limonene oxide,mixture of cis and trans",441245,CCEFMUBVSUDRLG-XNWIYYODSA-N,NA,NA,"InChI=1S/C10H16O/c1-7(2)8-4-5-10(3)9(6-8)11-10/h8-9H,1,4-6H2,2-3H3/t8-,9?,10?/m1/s1",CC(=C)[C@@H]1CCC2(C(C1)O2)C,CC(=C)C1CCC2(C(C1)O2)C
(+)-Perillaaldehyde,1548901,RUMOYJJNUMEFDD-JTQLQIEISA-N,RUMOYJJNUMEFDD-SNVBAGLBSA-N,Diff,"InChI=1S/C10H14O/c1-8(2)10-5-3-9(7-11)4-6-10/h3,7,10H,1,4-6H2,2H3/t10-/m0/s1",CC(=C)[C@@H]1CCC(=CC1)C=O,CC(=C)C1CCC(=CC1)C=O,PubChem
(+)-Pulegone,442495,NZGWDASTMWDZIW-MRVPVSSYSA-N,NZGWDASTMWDZIW-QMMMGPOBSA-N,Diff,"InChI=1S/C10H16O/c1-7(2)9-5-4-8(3)6-10(9)11/h8H,4-6H2,1-3H3/t8-/m1/s1",C[C@@H]1CCC(=C(C)C)C(=O)C1,CC1CCC(=C(C)C)C(=O)C1,PubChem
(±)-2-Butanol,6568,BTANRVKWQNVYAZ-UHFFFAOYSA-N,NA,NA,"InChI=1S/C4H10O/c1-3-4(2)5/h4-5H,3H2,1-2H3",CCC(C)O,CCC(C)O
(R)-(+)-Limonene,440917,XMGQYMWWDOXHJM-JTQLQIEISA-N,NA,NA,"InChI=1S/C10H16/c1-8(2)10-6-4-9(3)5-7-10/h4,10H,1,5-7H2,2-3H3/t10-/m0/s1",CC1=CC[C@@H](CC1)C(=C)C,CC1=CCC(CC1)C(=C)C
1-butanol,263,LRHPLDYGYMQRHN-UHFFFAOYSA-N,LRHPLDYGYMQRHN-UHFFFAOYSA-N,Same,"InChI=1S/C4H10O/c1-2-3-4-5/h5H,2-4H2,1H3",CCCCO,CCCCO
1-decanol,8174,MWKFXSUHUHTGQN-UHFFFAOYSA-N,MWKFXSUHUHTGQN-UHFFFAOYSA-N,Same,"InChI=1S/C10H22O/c1-2-3-4-5-6-7-8-9-10-11/h11H,2-10H2,1H3",CCCCCCCCCCO,CCCCCCCCCCO
1-heptanol,8129,BBMCTIGTTCKYKF-UHFFFAOYSA-N,BBMCTIGTTCKYKF-UHFFFAOYSA-N,Same,"InChI=1S/C7H16O/c1-2-3-4-5-6-7-8/h8H,2-7H2,1H3",CCCCCCCO,CCCCCCCO
1-hexanol,8103,ZSIAUFGUXNUGDI-UHFFFAOYSA-N,ZSIAUFGUXNUGDI-UHFFFAOYSA-N,Same,"InChI=1S/C6H14O/c1-2-3-4-5-6-7/h7H,2-6H2,1H3",CCCCCCO,CCCCCCO
1-nonanol,8914,ZWRUINPWMLAQRD-UHFFFAOYSA-N,ZWRUINPWMLAQRD-UHFFFAOYSA-N,Same,"InChI=1S/C9H20O/c1-2-3-4-5-6-7-8-9-10/h10H,2-9H2,1H3",CCCCCCCCCO,CCCCCCCCCO
1-octanol,957,KBPLFHHGFOOTCA-UHFFFAOYSA-N,KBPLFHHGFOOTCA-UHFFFAOYSA-N,Same,"InChI=1S/C8H18O/c1-2-3-4-5-6-7-8-9/h9H,2-8H2,1H3",CCCCCCCCO,CCCCCCCCO
1-Octen-3-one,61346,KLTVSWGXIAYTHO-UHFFFAOYSA-N,KLTVSWGXIAYTHO-UHFFFAOYSA-N,Same,"InChI=1S/C8H14O/c1-3-5-6-7-8(9)4-2/h4H,2-3,5-7H2,1H3",CCCCCC(=O)C=C,CCCCCC(=O)C=C
1-pentanol,6276,AMQJEAYHLZJPGS-UHFFFAOYSA-N,AMQJEAYHLZJPGS-UHFFFAOYSA-N,Same,"InChI=1S/C5H12O/c1-2-3-4-5-6/h6H,2-5H2,1H3",CCCCCO,CCCCCO
1-propanol,1031,BDERNNFJNOPAEC-UHFFFAOYSA-N,BDERNNFJNOPAEC-UHFFFAOYSA-N,Same,"InChI=1S/C3H8O/c1-2-3-4/h4H,2-3H2,1H3",CCCO,CCCO
1-Undecanol,8184,KJIOQYGWTQBHNH-UHFFFAOYSA-N,KJIOQYGWTQBHNH-UHFFFAOYSA-N,Same,"InChI=1S/C11H24O/c1-2-3-4-5-6-7-8-9-10-11-12/h12H,2-11H2,1H3",CCCCCCCCCCCO,CCCCCCCCCCCO
"1,9-nonanediol",19835,ALVZNPYWJMLXKV-UHFFFAOYSA-N,ALVZNPYWJMLXKV-UHFFFAOYSA-N,Same,"InChI=1S/C9H20O2/c10-8-6-4-2-1-3-5-7-9-11/h10-11H,1-9H2",C(CCCCO)CCCCO,C(CCCCO)CCCCO
2-Bromohexanoic acid,12013,HZTPKMIMXLTOSK-UHFFFAOYSA-N,NA,NA,"InChI=1S/C6H11BrO2/c1-2-3-4-5(7)6(8)9/h5H,2-4H2,1H3,(H,8,9)",CCCCC(C(=O)O)Br,CCCCC(C(=O)O)Br
2-Bromooctanoic acid,552003,GTGTXZRPJHDASG-UHFFFAOYSA-N,NA,NA,"InChI=1S/C8H15BrO2/c1-2-3-4-5-6-7(9)8(10)11/h7H,2-6H2,1H3,(H,10,11)",CCCCCCC(C(=O)O)Br,CCCCCCC(C(=O)O)Br
2-bromophenol,7244,VADKRMSMGWJZCF-UHFFFAOYSA-N,VADKRMSMGWJZCF-UHFFFAOYSA-N,Same,"InChI=1S/C6H5BrO/c7-5-3-1-2-4-6(5)8/h1-4,8H",C1=CC=C(C(=C1)O)Br,C1=CC=C(C(=C1)O)Br
2-Butanone,6569,ZWEHNKRNPOVVGH-UHFFFAOYSA-N,ZWEHNKRNPOVVGH-UHFFFAOYSA-N,Same,"InChI=1S/C4H8O/c1-3-4(2)5/h3H2,1-2H3",CCC(=O)C,CCC(=O)C
2-Ethylphenol,6997,IXQGCWUGDFDQMF-UHFFFAOYSA-N,IXQGCWUGDFDQMF-UHFFFAOYSA-N,Same,"InChI=1S/C8H10O/c1-2-7-5-3-4-6-8(7)9/h3-6,9H,2H2,1H3",CCC1=CC=CC=C1O,CCC1=CC=CC=C1O
2-Heptanone,8051,CATSNJVOTSVZJV-UHFFFAOYSA-N,CATSNJVOTSVZJV-UHFFFAOYSA-N,Same,"InChI=1S/C7H14O/c1-3-4-5-6-7(2)8/h3-6H2,1-2H3",CCCCCC(=O)C,CCCCCC(=O)C
2-Hexanone,11583,QQZOPKMRPOGIEB-UHFFFAOYSA-N,QQZOPKMRPOGIEB-UHFFFAOYSA-N,Same,"InChI=1S/C6H12O/c1-3-4-5-6(2)7/h3-5H2,1-2H3",CCCCC(=O)C,CCCCC(=O)C
2-Isopropyl-3-methoxypyrazine,33166,NTOPKICPEQUPPH-UHFFFAOYSA-N,NTOPKICPEQUPPH-UHFFFAOYSA-N,Same,"InChI=1S/C8H12N2O/c1-6(2)7-8(11-3)10-5-4-9-7/h4-6H,1-3H3",CC(C)C1=NC=CN=C1OC,CC(C)C1=NC=CN=C1OC
2-Methoxy-3-(1-methylpropyl)pyrazine (Methoxymethylpropylpyrazine),520098,QMQDJVIJVPEQHE-UHFFFAOYSA-N,NA,NA,"InChI=1S/C9H14N2O/c1-4-7(2)8-9(12-3)11-6-5-10-8/h5-7H,4H2,1-3H3",CCC(C)C1=NC=CN=C1OC,CCC(C)C1=NC=CN=C1OC
2-Methoxy-3-Methyl-pyrazine,17898,VKJIAEQRKBQLLA-UHFFFAOYSA-N,VKJIAEQRKBQLLA-UHFFFAOYSA-N,Same,"InChI=1S/C6H8N2O/c1-5-6(9-2)8-4-3-7-5/h3-4H,1-2H3",CC1=NC=CN=C1OC,CC1=NC=CN=C1OC
2-Methoxypyrazine,18467,WKSXRWSOSLGSTN-UHFFFAOYSA-N,WKSXRWSOSLGSTN-UHFFFAOYSA-N,Same,"InChI=1S/C5H6N2O/c1-8-5-4-6-2-3-7-5/h2-4H,1H3",COC1=NC=CN=C1,COC1=NC=CN=C1
2-Methyl-1-propanethiol,10558,BDFAOUQQXJIZDG-UHFFFAOYSA-N,NA,NA,"InChI=1S/C4H10S/c1-4(2)3-5/h4-5H,3H2,1-2H3",CC(C)CS,CC(C)CS
2-Methylbutyric acid,8314,WLAMNBDJUVNPJU-UHFFFAOYSA-N,NA,NA,"InChI=1S/C5H10O2/c1-3-4(2)5(6)7/h4H,3H2,1-2H3,(H,6,7)",CCC(C)C(=O)O,CCC(C)C(=O)O
2-Nonanone,13187,VKCYHJWLYTUGCC-UHFFFAOYSA-N,VKCYHJWLYTUGCC-UHFFFAOYSA-N,Same,"InChI=1S/C9H18O/c1-3-4-5-6-7-8-9(2)10/h3-8H2,1-2H3",CCCCCCCC(=O)C,CCCCCCCC(=O)C
2-Octanone,8093,ZPVFWPFBNIEHGJ-UHFFFAOYSA-N,ZPVFWPFBNIEHGJ-UHFFFAOYSA-N,Same,"InChI=1S/C8H16O/c1-3-4-5-6-7-8(2)9/h3-7H2,1-2H3",CCCCCCC(=O)C,CCCCCCC(=O)C
2-Phenethyl acetate,7654,MDHYEMXUFSJLGV-UHFFFAOYSA-N,MDHYEMXUFSJLGV-UHFFFAOYSA-N,Same,"InChI=1S/C10H12O2/c1-9(11)12-8-7-10-5-3-2-4-6-10/h2-6H,7-8H2,1H3",CC(=O)OCCC1=CC=CC=C1,CC(=O)OCCC1=CC=CC=C1
2-Phenylethanol,6054,WRMNZCZEMHIOCP-UHFFFAOYSA-N,WRMNZCZEMHIOCP-UHFFFAOYSA-N,Same,"InChI=1S/C8H10O/c9-7-6-8-4-2-1-3-5-8/h1-5,9H,6-7H2",C1=CC=C(C=C1)CCO,C1=CC=C(C=C1)CCO
2-sec-Butyl-3-methoxypyrazine,520098,QMQDJVIJVPEQHE-UHFFFAOYSA-N,QMQDJVIJVPEQHE-UHFFFAOYSA-N,Same,"InChI=1S/C9H14N2O/c1-4-7(2)8-9(12-3)11-6-5-10-8/h5-7H,4H2,1-3H3",CCC(C)C1=NC=CN=C1OC,CCC(C)C1=NC=CN=C1OC
"2,3-Diethyl-5-methylpyrazine",28905,PSINWXIDJYEXLO-UHFFFAOYSA-N,PSINWXIDJYEXLO-UHFFFAOYSA-N,Same,"InChI=1S/C9H14N2/c1-4-8-9(5-2)11-7(3)6-10-8/h6H,4-5H2,1-3H3",CCC1=NC=C(N=C1CC)C,CCC1=NC=C(N=C1CC)C
"2,3-Diethylpyrazine",27458,GZXXANJCCWGCSV-UHFFFAOYSA-N,GZXXANJCCWGCSV-UHFFFAOYSA-N,Same,"InChI=1S/C8H12N2/c1-3-7-8(4-2)10-6-5-9-7/h5-6H,3-4H2,1-2H3",CCC1=NC=CN=C1CC,CCC1=NC=CN=C1CC
"2,3-Hexanedione",19707,MWVFCEVNXHTDNF-UHFFFAOYSA-N,MWVFCEVNXHTDNF-UHFFFAOYSA-N,Same,"InChI=1S/C6H10O2/c1-3-4-6(8)5(2)7/h3-4H2,1-2H3",CCCC(=O)C(=O)C,CCCC(=O)C(=O)C
3-Heptanone,7802,NGAZZOYFWWSOGK-UHFFFAOYSA-N,NGAZZOYFWWSOGK-UHFFFAOYSA-N,Same,"InChI=1S/C7H14O/c1-3-5-6-7(8)4-2/h3-6H2,1-2H3",CCCCC(=O)CC,CCCCC(=O)CC
3-Octanone,246728,RHLVCLIPMVJYKS-UHFFFAOYSA-N,RHLVCLIPMVJYKS-UHFFFAOYSA-N,Same,"InChI=1S/C8H16O/c1-3-5-6-7-8(9)4-2/h3-7H2,1-2H3",CCCCCC(=O)CC,CCCCCC(=O)CC
"3,4-Hexanedione",62539,KVFQMAZOBTXCAZ-UHFFFAOYSA-N,KVFQMAZOBTXCAZ-UHFFFAOYSA-N,Same,"InChI=1S/C6H10O2/c1-3-5(7)6(8)4-2/h3-4H2,1-2H3",CCC(=O)C(=O)CC,CCC(=O)C(=O)CC
4-Chromanone,68110,MSTDXOZUKAQDRL-UHFFFAOYSA-N,MSTDXOZUKAQDRL-UHFFFAOYSA-N,Same,"InChI=1S/C9H8O2/c10-8-5-6-11-9-4-2-1-3-7(8)9/h1-4H,5-6H2",C1COC2=CC=CC=C2C1=O,C1COC2=CC=CC=C2C1=O
4-Ethylphenol,31242,HXDOZKJGKXYMEW-UHFFFAOYSA-N,HXDOZKJGKXYMEW-UHFFFAOYSA-N,Same,"InChI=1S/C8H10O/c1-2-7-3-5-8(9)6-4-7/h3-6,9H,2H2,1H3",CCC1=CC=C(C=C1)O,CCC1=CC=C(C=C1)O
4-hydroxycoumarin,54682930,VXIXUWQIVKSKSA-UHFFFAOYSA-N,VXIXUWQIVKSKSA-UHFFFAOYSA-N,Same,"InChI=1S/C9H6O3/c10-7-5-9(11)12-8-4-2-1-3-6(7)8/h1-5,10H",C1=CC=C2C(=C1)C(=CC(=O)O2)O,C1=CC=C2C(=C1)C(=CC(=O)O2)O
6-Bromohexanoic acid,20210,NVRVNSHHLPQGCU-UHFFFAOYSA-N,NA,NA,"InChI=1S/C6H11BrO2/c7-5-3-1-2-4-6(8)9/h1-5H2,(H,8,9)",C(CCC(=O)O)CCBr,C(CCC(=O)O)CCBr
a-Amylcinnamaldehyde,1623625,HMKKIXGYKWDQSV-SDNWHVSQSA-N,HMKKIXGYKWDQSV-SDNWHVSQSA-N,Same,"InChI=1S/C14H18O/c1-2-3-5-10-14(12-15)11-13-8-6-4-7-9-13/h4,6-9,11-12H,2-3,5,10H2,1H3/b14-11+",CCCCC/C(=C\C1=CC=CC=C1)/C=O,CCCCCC(=CC1=CC=CC=C1)C=O
a-Amylcinnamaldehyde dimethyl acetal,6005821,QCHZKUPVENJLAW-FYWRMAATSA-N,NA,NA,"InChI=1S/C16H24O2/c1-4-5-7-12-15(16(17-2)18-3)13-14-10-8-6-9-11-14/h6,8-11,13,16H,4-5,7,12H2,1-3H3/b15-13+",CCCCC/C(=C\C1=CC=CC=C1)/C(OC)OC,CCCCCC(=CC1=CC=CC=C1)C(OC)OC
a-Hexylcinnamaldehyde,1715135,GUUHFMWKWLOQMM-QINSGFPZSA-N,NA,NA,"InChI=1S/C15H20O/c1-2-3-4-6-11-15(13-16)12-14-9-7-5-8-10-14/h5,7-10,12-13H,2-4,6,11H2,1H3/b15-12-",CCCCCC/C(=C/C1=CC=CC=C1)/C=O,CCCCCCC(=CC1=CC=CC=C1)C=O
Allyl heptanoate,8878,SJWKGDGUQTWDRV-UHFFFAOYSA-N,SJWKGDGUQTWDRV-UHFFFAOYSA-N,Same,"InChI=1S/C10H18O2/c1-3-5-6-7-8-10(11)12-9-4-2/h4H,2-3,5-9H2,1H3",CCCCCCC(=O)OCC=C,CCCCCCC(=O)OCC=C
Allyl phenylacetate,15717,ZCDYAMJXVAUTIM-UHFFFAOYSA-N,ZCDYAMJXVAUTIM-UHFFFAOYSA-N,Same,"InChI=1S/C11H12O2/c1-2-8-13-11(12)9-10-6-4-3-5-7-10/h2-7H,1,8-9H2",C=CCOC(=O)CC1=CC=CC=C1,C=CCOC(=O)CC1=CC=CC=C1
Amyl butyrate,10890,CFNJLPHOBMVMNS-UHFFFAOYSA-N,CFNJLPHOBMVMNS-UHFFFAOYSA-N,Same,"InChI=1S/C9H18O2/c1-3-5-6-8-11-9(10)7-4-2/h3-8H2,1-2H3",CCCCCOC(=O)CCC,CCCCCOC(=O)CCC
Amyl hexanoate,10886,WRFZKAGPPQGDDQ-UHFFFAOYSA-N,WRFZKAGPPQGDDQ-UHFFFAOYSA-N,Same,"InChI=1S/C11H22O2/c1-3-5-7-9-11(12)13-10-8-6-4-2/h3-10H2,1-2H3",CCCCCC(=O)OCCCCC,CCCCCC(=O)OCCCCC
Anethole,637563,RUVINXPYWBROJD-ONEGZZNKSA-N,RUVINXPYWBROJD-ONEGZZNKSA-N,Same,"InChI=1S/C10H12O/c1-3-4-9-5-7-10(11-2)8-6-9/h3-8H,1-2H3/b4-3+",C/C=C/C1=CC=C(C=C1)OC,CC=CC1=CC=C(C=C1)OC
Anisaldehyde,31244,ZRSNZINYAWTAHE-UHFFFAOYSA-N,ZRSNZINYAWTAHE-UHFFFAOYSA-N,Same,"InChI=1S/C8H8O2/c1-10-8-4-2-7(6-9)3-5-8/h2-6H,1H3",COC1=CC=C(C=C1)C=O,COC1=CC=C(C=C1)C=O
"Anisole (Methoxybenzene, Methyl phenyl ether)",7519,RDOXTESZEPMUJZ-UHFFFAOYSA-N,NA,NA,"InChI=1S/C7H8O/c1-8-7-5-3-2-4-6-7/h2-6H,1H3",COC1=CC=CC=C1,COC1=CC=CC=C1
Benzaldehyde,240,HUMNYLRZRPPJDN-UHFFFAOYSA-N,HUMNYLRZRPPJDN-UHFFFAOYSA-N,Same,InChI=1S/C7H6O/c8-6-7-4-2-1-3-5-7/h1-6H,C1=CC=C(C=C1)C=O,C1=CC=C(C=C1)C=O
Benzaldehyde dimethyl acetal,62375,HEVMDQBCAHEHDY-UHFFFAOYSA-N,HEVMDQBCAHEHDY-UHFFFAOYSA-N,Same,"InChI=1S/C9H12O2/c1-10-9(11-2)8-6-4-3-5-7-8/h3-7,9H,1-2H3",COC(C1=CC=CC=C1)OC,COC(C1=CC=CC=C1)OC
Benzene,241,UHOVQNZJYSORNB-UHFFFAOYSA-N,UHOVQNZJYSORNB-UHFFFAOYSA-N,Same,InChI=1S/C6H6/c1-2-4-6-5-3-1/h1-6H,C1=CC=CC=C1,C1=CC=CC=C1
Benzophenone,3102,RWCCWEUUXYIKHB-UHFFFAOYSA-N,RWCCWEUUXYIKHB-UHFFFAOYSA-N,Same,InChI=1S/C13H10O/c14-13(11-7-3-1-4-8-11)12-9-5-2-6-10-12/h1-10H,C1=CC=C(C=C1)C(=O)C2=CC=CC=C2,C1=CC=C(C=C1)C(=O)C2=CC=CC=C2
Benzyl acetate,8785,QUKGYYKBILRGFE-UHFFFAOYSA-N,QUKGYYKBILRGFE-UHFFFAOYSA-N,Same,"InChI=1S/C9H10O2/c1-8(10)11-7-9-5-3-2-4-6-9/h2-6H,7H2,1H3",CC(=O)OCC1=CC=CC=C1,CC(=O)OCC1=CC=CC=C1
benzyl benzoate (Pentamethylbenzaldehyde),2345,SESFRYSPDFLNCH-UHFFFAOYSA-N,SESFRYSPDFLNCH-UHFFFAOYSA-N,Same,"InChI=1S/C14H12O2/c15-14(13-9-5-2-6-10-13)16-11-12-7-3-1-4-8-12/h1-10H,11H2",C1=CC=C(C=C1)COC(=O)C2=CC=CC=C2,C1=CC=C(C=C1)COC(=O)C2=CC=CC=C2
Benzyl salicylate,8363,ZCTQGTTXIYCGGC-UHFFFAOYSA-N,ZCTQGTTXIYCGGC-UHFFFAOYSA-N,Same,"InChI=1S/C14H12O3/c15-13-9-5-4-8-12(13)14(16)17-10-11-6-2-1-3-7-11/h1-9,15H,10H2",C1=CC=C(C=C1)COC(=O)C2=CC=CC=C2O,C1=CC=C(C=C1)COC(=O)C2=CC=CC=C2O
beta-Damascone,5374527,BGTBFNDXYDYBEY-FNORWQNLSA-N,BGTBFNDXYDYBEY-FNORWQNLSA-N,Same,"InChI=1S/C13H20O/c1-5-7-11(14)12-10(2)8-6-9-13(12,3)4/h5,7H,6,8-9H2,1-4H3/b7-5+",C/C=C/C(=O)C1=C(CCCC1(C)C)C,CC=CC(=O)C1=C(CCCC1(C)C)C
beta-ionone,638014,PSQYTAPXSHCGMF-BQYQJAHWSA-N,PSQYTAPXSHCGMF-BQYQJAHWSA-N,Same,"InChI=1S/C13H20O/c1-10-6-5-9-13(3,4)12(10)8-7-11(2)14/h7-8H,5-6,9H2,1-4H3/b8-7+",CC1=C(C(CCC1)(C)C)/C=C/C(=O)C,CC1=C(C(CCC1)(C)C)C=CC(=O)C
Bis(2-methyl-3-furyl)disulphide,526624,OHDFENKFSKIFBJ-UHFFFAOYSA-N,NA,NA,"InChI=1S/C10H10O2S2/c1-7-9(3-5-11-7)13-14-10-4-6-12-8(10)2/h3-6H,1-2H3",CC1=C(C=CO1)SSC2=C(OC=C2)C,CC1=C(C=CO1)SSC2=C(OC=C2)C
Butanal,261,ZTQSAGDEMFDKMZ-UHFFFAOYSA-N,ZTQSAGDEMFDKMZ-UHFFFAOYSA-N,Same,"InChI=1S/C4H8O/c1-2-3-4-5/h4H,2-3H2,1H3",CCCC=O,CCCC=O
Butyl formate,11614,NMJJFJNHVMGPGM-UHFFFAOYSA-N,NMJJFJNHVMGPGM-UHFFFAOYSA-N,Same,"InChI=1S/C5H10O2/c1-2-3-4-7-5-6/h5H,2-4H2,1H3",CCCCOC=O,CCCCOC=O
Butyl heptanoate,21596,YPQSPODHFDGVAC-UHFFFAOYSA-N,YPQSPODHFDGVAC-UHFFFAOYSA-N,Same,"InChI=1S/C11H22O2/c1-3-5-7-8-9-11(12)13-10-6-4-2/h3-10H2,1-2H3",CCCCCCC(=O)OCCCC,CCCCCCC(=O)OCCCC
Cedryl acetate,9838172,HQKQRXZEXPXXIG-NTIOYTNASA-N,HQKQRXZEXPXXIG-NTIOYTNASA-N,Same,"InChI=1S/C17H28O2/c1-11-6-7-13-15(3,4)14-10-17(11,13)9-8-16(14,5)19-12(2)18/h11,13-14H,6-10H2,1-5H3/t11-,13?,14?,16-,17+/m1/s1",C[C@@H]1CCC2[C@]13CC[C@@](C(C3)C2(C)C)(C)OC(=O)C,CC1CCC2C13CCC(C(C3)C2(C)C)(C)OC(=O)C
Cinnamaldehyde,637511,KJPRLNWUNMBNBZ-QPJJXVBHSA-N,KJPRLNWUNMBNBZ-QPJJXVBHSA-N,Same,InChI=1S/C9H8O/c10-8-4-7-9-5-2-1-3-6-9/h1-8H/b7-4+,C1=CC=C(C=C1)/C=C/C=O,C1=CC=C(C=C1)C=CC=O
Cinnamyl alcohol,5315892,OOCCDEMITAIZTP-QPJJXVBHSA-N,OOCCDEMITAIZTP-QPJJXVBHSA-N,Same,"InChI=1S/C9H10O/c10-8-4-7-9-5-2-1-3-6-9/h1-7,10H,8H2/b7-4+",C1=CC=C(C=C1)/C=C/CO,C1=CC=C(C=C1)C=CCO
cis-4-Decenal,5362620,CWRKZMLUDFBPAO-SREVYHEPSA-N,CWRKZMLUDFBPAO-SREVYHEPSA-N,Same,"InChI=1S/C10H18O/c1-2-3-4-5-6-7-8-9-10-11/h6-7,10H,2-5,8-9H2,1H3/b7-6-",CCCCC/C=C\CCC=O,CCCCCC=CCCC=O
cis-6-Nonenal,5362720,RTNPCOBSXBGDMO-ARJAWSKDSA-N,RTNPCOBSXBGDMO-ARJAWSKDSA-N,Same,"InChI=1S/C9H16O/c1-2-3-4-5-6-7-8-9-10/h3-4,9H,2,5-8H2,1H3/b4-3-",CC/C=C\CCCCC=O,CCC=CCCCCC=O
Citral,8843,WTEVQBCEXWBHNA-UHFFFAOYSA-N,WTEVQBCEXWBHNA-YFHOEESVSA-N,Diff,"InChI=1S/C10H16O/c1-9(2)5-4-6-10(3)7-8-11/h5,7-8H,4,6H2,1-3H3",[H]C(C=O)=C(C)CCC=C(C)C,CC(=CCCC(=CC=O)C)C
Cyclobutanecarboxylic acid,19494,TXWOGHSRPAYOML-UHFFFAOYSA-N,NA,NA,"InChI=1S/C5H8O2/c6-5(7)4-2-1-3-4/h4H,1-3H2,(H,6,7)",C1CC(C1)C(=O)O,C1CC(C1)C(=O)O
Decanal,8175,KSMVZQYAVGTKIV-UHFFFAOYSA-N,KSMVZQYAVGTKIV-UHFFFAOYSA-N,Same,"InChI=1S/C10H20O/c1-2-3-4-5-6-7-8-9-10-11/h10H,2-9H2,1H3",CCCCCCCCCC=O,CCCCCCCCCC=O
decanedioic acid (sebacic acid),5192,CXMXRPHRNRROMY-UHFFFAOYSA-N,NA,NA,"InChI=1S/C10H18O4/c11-9(12)7-5-3-1-2-4-6-8-10(13)14/h1-8H2,(H,11,12)(H,13,14)",C(CCCCC(=O)O)CCCC(=O)O,C(CCCCC(=O)O)CCCC(=O)O
diacetyl,650,QSJXEFYPDANLFS-UHFFFAOYSA-N,QSJXEFYPDANLFS-UHFFFAOYSA-N,Same,InChI=1S/C4H6O2/c1-3(5)4(2)6/h1-2H3,CC(=O)C(=O)C,CC(=O)C(=O)C,PubChem
Diethyl sulfide,9609,LJSQFQKUNVCTIA-UHFFFAOYSA-N,NA,NA,"InChI=1S/C4H10S/c1-3-5-4-2/h3-4H2,1-2H3",CCSCC,CCSCC
Dihydrojasmone,62378,YCIXWYOBMVNGTB-UHFFFAOYSA-N,YCIXWYOBMVNGTB-UHFFFAOYSA-N,Same,"InChI=1S/C11H18O/c1-3-4-5-6-10-9(2)7-8-11(10)12/h3-8H2,1-2H3",CCCCCC1=C(CCC1=O)C,CCCCCC1=C(CCC1=O)C
Dimedone,31358,BADXJIPKFRBFOT-UHFFFAOYSA-N,BADXJIPKFRBFOT-UHFFFAOYSA-N,Same,"InChI=1S/C8H12O2/c1-8(2)4-6(9)3-7(10)5-8/h3-5H2,1-2H3",CC1(CC(=O)CC(=O)C1)C,CC1(CC(=O)CC(=O)C1)C
Dimethyl anthranilate,6826,GVOWHGSUZUUUDR-UHFFFAOYSA-N,GVOWHGSUZUUUDR-UHFFFAOYSA-N,Same,"InChI=1S/C9H11NO2/c1-10-8-6-4-3-5-7(8)9(11)12-2/h3-6,10H,1-2H3",CNC1=CC=CC=C1C(=O)OC,CNC1=CC=CC=C1C(=O)OC
Dimethyl trisulfide,19310,YWHLKYXPLRWGSE-UHFFFAOYSA-N,YWHLKYXPLRWGSE-UHFFFAOYSA-N,Same,InChI=1S/C2H6S3/c1-3-5-4-2/h1-2H3,CSSSC,CSSSC
"e,b,Farnesene",5281517,JSNRRGGBADWTMC-NTCAYCPXSA-N,NA,NA,"InChI=1S/C15H24/c1-6-14(4)10-8-12-15(5)11-7-9-13(2)3/h6,9,12H,1,4,7-8,10-11H2,2-3,5H3/b15-12+",CC(=CCC/C(=C/CCC(=C)C=C)/C)C,CC(=CCCC(=CCCC(=C)C=C)C)C
Ethyl 2-methylbutyrate,24020,HCRBXQFHJMCTLF-UHFFFAOYSA-N,HCRBXQFHJMCTLF-UHFFFAOYSA-N,Same,"InChI=1S/C7H14O2/c1-4-6(3)7(8)9-5-2/h6H,4-5H2,1-3H3",CCC(C)C(=O)OCC,CCC(C)C(=O)OCC
Ethyl 2-methylpentanoate,62902,HZPKNSYIDSNZKW-UHFFFAOYSA-N,HZPKNSYIDSNZKW-UHFFFAOYSA-N,Same,"InChI=1S/C8H16O2/c1-4-6-7(3)8(9)10-5-2/h7H,4-6H2,1-3H3",CCCC(C)C(=O)OCC,CCCC(C)C(=O)OCC
Ethyl disulfide,8077,CETBSQOFQKLHHZ-UHFFFAOYSA-N,CETBSQOFQKLHHZ-UHFFFAOYSA-N,Same,"InChI=1S/C4H10S2/c1-3-5-6-4-2/h3-4H2,1-2H3",CCSSCC,CCSSCC
Ethyl isobutyrate,7342,WDAXFOBOLVPGLV-UHFFFAOYSA-N,WDAXFOBOLVPGLV-UHFFFAOYSA-N,Same,"InChI=1S/C6H12O2/c1-4-8-6(7)5(2)3/h5H,4H2,1-3H3",CCOC(=O)C(C)C,CCOC(=O)C(C)C
Ethyl isovalerate,7945,PPXUHEORWJQRHJ-UHFFFAOYSA-N,PPXUHEORWJQRHJ-UHFFFAOYSA-N,Same,"InChI=1S/C7H14O2/c1-4-9-7(8)5-6(2)3/h6H,4-5H2,1-3H3",CCOC(=O)CC(C)C,CCOC(=O)CC(C)C
Ethyl Maltol,21059,YIKYNHJUKRTCJL-UHFFFAOYSA-N,YIKYNHJUKRTCJL-UHFFFAOYSA-N,Same,"InChI=1S/C7H8O3/c1-2-6-7(9)5(8)3-4-10-6/h3-4,9H,2H2,1H3",CCC1=C(C(=O)C=CO1)O,CCC1=C(C(=O)C=CO1)O
Ethyl vanillin,8467,CBOQJANXLMLOSS-UHFFFAOYSA-N,CBOQJANXLMLOSS-UHFFFAOYSA-N,Same,"InChI=1S/C9H10O3/c1-2-12-9-5-7(6-10)3-4-8(9)11/h3-6,11H,2H2,1H3",CCOC1=C(C=CC(=C1)C=O)O,CCOC1=C(C=CC(=C1)C=O)O
Eucalyptol,2758,WEEGYLXZBRQIMU-UHFFFAOYSA-N,WEEGYLXZBRQIMU-UHFFFAOYSA-N,Same,"InChI=1S/C10H18O/c1-9(2)8-4-6-10(3,11-9)7-5-8/h8H,4-7H2,1-3H3",CC1(C2CCC(O1)(CC2)C)C,CC1(C2CCC(O1)(CC2)C)C
Eugenol,3314,RRAFCDWBNXTKKO-UHFFFAOYSA-N,RRAFCDWBNXTKKO-UHFFFAOYSA-N,Same,"InChI=1S/C10H12O2/c1-3-4-8-5-6-9(11)10(7-8)12-2/h3,5-7,11H,1,4H2,2H3",COC1=C(C=CC(=C1)CC=C)O,COC1=C(C=CC(=C1)CC=C)O
Eugenol methyl ether,7127,ZYEMGPIYFIJGTP-UHFFFAOYSA-N,ZYEMGPIYFIJGTP-UHFFFAOYSA-N,Same,"InChI=1S/C11H14O2/c1-4-5-9-6-7-10(12-2)11(8-9)13-3/h4,6-8H,1,5H2,2-3H3",COC1=C(C=C(C=C1)CC=C)OC,COC1=C(C=C(C=C1)CC=C)OC
Farnesene,5281516,CXENHBSYCFFKJS-VDQVFBMKSA-N,CXENHBSYCFFKJS-VDQVFBMKSA-N,Same,"InChI=1S/C15H24/c1-6-14(4)10-8-12-15(5)11-7-9-13(2)3/h6,9-10,12H,1,7-8,11H2,2-5H3/b14-10+,15-12+",CC(=CCC/C(=C/C/C=C(\C)/C=C)/C)C,CC(=CCCC(=CCC=C(C)C=C)C)C
Furfuryl methyl disulfide,62131,CLSLQQCDHOZMDT-UHFFFAOYSA-N,CLSLQQCDHOZMDT-UHFFFAOYSA-N,Same,"InChI=1S/C6H8OS2/c1-8-9-5-6-3-2-4-7-6/h2-4H,5H2,1H3",CSSCC1=CC=CO1,CSSCC1=CC=CO1
galaxolide,91497,ONKNPOPIGWHAQC-UHFFFAOYSA-N,ONKNPOPIGWHAQC-UHFFFAOYSA-N,Same,"InChI=1S/C18H26O/c1-11-9-19-10-13-7-15-16(8-14(11)13)18(5,6)12(2)17(15,3)4/h7-8,11-12H,9-10H2,1-6H3",CC1COCC2=CC3=C(C=C12)C(C(C3(C)C)C)(C)C,CC1COCC2=CC3=C(C=C12)C(C(C3(C)C)C)(C)C
Geraniol,637566,GLZPCOQZEFWAFX-JXMROGBWSA-N,GLZPCOQZEFWAFX-JXMROGBWSA-N,Same,"InChI=1S/C10H18O/c1-9(2)5-4-6-10(3)7-8-11/h5,7,11H,4,6,8H2,1-3H3/b10-7+",CC(=CCC/C(=C/CO)/C)C,CC(=CCCC(=CCO)C)C
Guaiacol,460,LHGVFZTZFXWLCP-UHFFFAOYSA-N,LHGVFZTZFXWLCP-UHFFFAOYSA-N,Same,"InChI=1S/C7H8O2/c1-9-7-5-3-2-4-6(7)8/h2-5,8H,1H3",COC1=CC=CC=C1O,COC1=CC=CC=C1O
helional,64805,BOPPSUHPZARXTH-UHFFFAOYSA-N,NA,NA,"InChI=1S/C11H12O3/c1-8(6-12)4-9-2-3-10-11(5-9)14-7-13-10/h2-3,5-6,8H,4,7H2,1H3",CC(CC1=CC2=C(C=C1)OCO2)C=O,CC(CC1=CC2=C(C=C1)OCO2)C=O
Heptanal,8130,FXHGMKSSBGDXIY-UHFFFAOYSA-N,FXHGMKSSBGDXIY-UHFFFAOYSA-N,Same,"InChI=1S/C7H14O/c1-2-3-4-5-6-7-8/h7H,2-6H2,1H3",CCCCCCC=O,CCCCCCC=O
Heptyl isobutyrate,61304,RFDUMBPGZUIKOG-UHFFFAOYSA-N,RFDUMBPGZUIKOG-UHFFFAOYSA-N,Same,"InChI=1S/C11H22O2/c1-4-5-6-7-8-9-13-11(12)10(2)3/h10H,4-9H2,1-3H3",CCCCCCCOC(=O)C(C)C,CCCCCCCOC(=O)C(C)C
Hexanal,6184,JARKCYVAAOWBJS-UHFFFAOYSA-N,JARKCYVAAOWBJS-UHFFFAOYSA-N,Same,"InChI=1S/C6H12O/c1-2-3-4-5-6-7/h6H,2-5H2,1H3",CCCCCC=O,CCCCCC=O
Hexanoic Acid,8892,FUZZWVXGSFPDMH-UHFFFAOYSA-N,FUZZWVXGSFPDMH-UHFFFAOYSA-N,Same,"InChI=1S/C6H12O2/c1-2-3-4-5-6(7)8/h2-5H2,1H3,(H,7,8)",CCCCCC(=O)O,CCCCCC(=O)O
Hexyl acetate,8908,AOGQPLXWSUTHQB-UHFFFAOYSA-N,AOGQPLXWSUTHQB-UHFFFAOYSA-N,Same,"InChI=1S/C8H16O2/c1-3-4-5-6-7-10-8(2)9/h3-7H2,1-2H3",CCCCCCOC(=O)C,CCCCCCOC(=O)C
Hydroxycitronellal,7888,WPFVBOQKRVRMJB-UHFFFAOYSA-N,WPFVBOQKRVRMJB-UHFFFAOYSA-N,Same,"InChI=1S/C10H20O2/c1-9(6-8-11)5-4-7-10(2,3)12/h8-9,12H,4-7H2,1-3H3",CC(CCCC(C)(C)O)CC=O,CC(CCCC(C)(C)O)CC=O
Isoamyl acetate,31276,MLFHJEHSLIIPHL-UHFFFAOYSA-N,MLFHJEHSLIIPHL-UHFFFAOYSA-N,Same,"InChI=1S/C7H14O2/c1-6(2)4-5-9-7(3)8/h6H,4-5H2,1-3H3",CC(C)CCOC(=O)C,CC(C)CCOC(=O)C
Isobornyl acetate,6950273,KGEKLUUHTZCSIP-JBLDHEPKSA-N,KGEKLUUHTZCSIP-UHFFFAOYSA-N,Diff,"InChI=1S/C12H20O2/c1-8(13)14-10-7-9-5-6-12(10,4)11(9,2)3/h9-10H,5-7H2,1-4H3/t9-,10-,12+/m0/s1",CC(=O)O[C@H]1C[C@@H]2CC[C@]1(C2(C)C)C,CC(=O)OC1CC2CCC1(C2(C)C)C
isobutyraldehyde,6561,AMIMRNSIRUDHCM-UHFFFAOYSA-N,AMIMRNSIRUDHCM-UHFFFAOYSA-N,Same,"InChI=1S/C4H8O/c1-4(2)3-5/h3-4H,1-2H3",CC(C)C=O,CC(C)C=O
"Isopentylamine (1-Amino-3-methylbutane, Isoamylamine)",7894,BMFVGAAISNGQNM-UHFFFAOYSA-N,NA,NA,"InChI=1S/C5H13N/c1-5(2)3-4-6/h5H,3-4,6H2,1-2H3",CC(C)CCN,CC(C)CCN
Isovaleric Acid,10430,GWYFCOCPABKNJV-UHFFFAOYSA-N,GWYFCOCPABKNJV-UHFFFAOYSA-N,Same,"InChI=1S/C5H10O2/c1-4(2)3-5(6)7/h4H,3H2,1-2H3,(H,6,7)",CC(C)CC(=O)O,CC(C)CC(=O)O
L-Turpentine,NA,NA,NA,NA,NA,NA,NA,PubChem Lots of Isoforms
Linalool,6549,CDOSHBSSFJOMGT-UHFFFAOYSA-N,CDOSHBSSFJOMGT-UHFFFAOYSA-N,Same,"InChI=1S/C10H18O/c1-5-10(4,11)8-6-7-9(2)3/h5,7,11H,1,6,8H2,2-4H3",CC(=CCCC(C)(C=C)O)C,CC(=CCCC(C)(C=C)O)C
Lyral,91604,ORMHZBNNECIKOH-UHFFFAOYSA-N,ORMHZBNNECIKOH-UHFFFAOYSA-N,Same,"InChI=1S/C13H22O2/c1-13(2,15)9-3-4-11-5-7-12(10-14)8-6-11/h5,10,12,15H,3-4,6-9H2,1-2H3",CC(C)(CCCC1=CCC(CC1)C=O)O,CC(C)(CCCC1=CCC(CC1)C=O)O
Methyl disulfide,12232,WQOXQRCZOLPYPM-UHFFFAOYSA-N,WQOXQRCZOLPYPM-UHFFFAOYSA-N,Same,InChI=1S/C2H6S2/c1-3-4-2/h1-2H3,CSSC,CSSC
Methyl eugenol,7127,ZYEMGPIYFIJGTP-UHFFFAOYSA-N,ZYEMGPIYFIJGTP-UHFFFAOYSA-N,Same,"InChI=1S/C11H14O2/c1-4-5-9-6-7-10(12-2)11(8-9)13-3/h4,6-8H,1,5H2,2-3H3",COC1=C(C=C(C=C1)CC=C)OC,COC1=C(C=C(C=C1)CC=C)OC
Methyl salicylate,4133,OSWPMRLSEDHDFF-UHFFFAOYSA-N,OSWPMRLSEDHDFF-UHFFFAOYSA-N,Same,"InChI=1S/C8H8O3/c1-11-8(10)6-4-2-3-5-7(6)9/h2-5,9H,1H3",COC(=O)C1=CC=CC=C1O,COC(=O)C1=CC=CC=C1O
Muscenone,NA,NA,NA,NA,NA,NA,NA
Myrcene,31253,UAHWPYUMFXYFJY-UHFFFAOYSA-N,UAHWPYUMFXYFJY-UHFFFAOYSA-N,Same,"InChI=1S/C10H16/c1-5-10(4)8-6-7-9(2)3/h5,7H,1,4,6,8H2,2-3H3",CC(=CCCC(=C)C=C)C,CC(=CCCC(=C)C=C)C
n-Decyl acetate,8167,NUPSHWCALHZGOV-UHFFFAOYSA-N,NUPSHWCALHZGOV-UHFFFAOYSA-N,Same,"InChI=1S/C12H24O2/c1-3-4-5-6-7-8-9-10-11-14-12(2)13/h3-11H2,1-2H3",CCCCCCCCCCOC(=O)C,CCCCCCCCCCOC(=O)C
Neryl isobutyrate,5365991,OGJYXQFXLSCKTP-LCYFTJDESA-N,OGJYXQFXLSCKTP-LCYFTJDESA-N,Same,"InChI=1S/C14H24O2/c1-11(2)7-6-8-13(5)9-10-16-14(15)12(3)4/h7,9,12H,6,8,10H2,1-5H3/b13-9-",CC(C)C(=O)OC/C=C(/C)\CCC=C(C)C,CC(C)C(=O)OCC=C(C)CCC=C(C)C
Nonanal,31289,GYHFUZHODSMOHU-UHFFFAOYSA-N,GYHFUZHODSMOHU-UHFFFAOYSA-N,Same,"InChI=1S/C9H18O/c1-2-3-4-5-6-7-8-9-10/h9H,2-8H2,1H3",CCCCCCCCC=O,CCCCCCCCC=O
Nonanedioic Acid,2266,BDJRBEYXGGNYIS-UHFFFAOYSA-N,BDJRBEYXGGNYIS-UHFFFAOYSA-N,Same,"InChI=1S/C9H16O4/c10-8(11)6-4-2-1-3-5-7-9(12)13/h1-7H2,(H,10,11)(H,12,13)",C(CCCC(=O)O)CCCC(=O)O,C(CCCC(=O)O)CCCC(=O)O
Nonanethiol,15077,ZVEZMVFBMOOHAT-UHFFFAOYSA-N,ZVEZMVFBMOOHAT-UHFFFAOYSA-N,Same,"InChI=1S/C9H20S/c1-2-3-4-5-6-7-8-9-10/h10H,2-9H2,1H3",CCCCCCCCCS,CCCCCCCCCS
Nonanoic Acid,8158,FBUKVWPVBMHYJY-UHFFFAOYSA-N,FBUKVWPVBMHYJY-UHFFFAOYSA-N,Same,"InChI=1S/C9H18O2/c1-2-3-4-5-6-7-8-9(10)11/h2-8H2,1H3,(H,10,11)",CCCCCCCCC(=O)O,CCCCCCCCC(=O)O
o-Tolyl isobutyrate,61954,FDJBDZVTTXWIQM-UHFFFAOYSA-N,FDJBDZVTTXWIQM-UHFFFAOYSA-N,Same,"InChI=1S/C11H14O2/c1-8(2)11(12)13-10-7-5-4-6-9(10)3/h4-8H,1-3H3",CC1=CC=CC=C1OC(=O)C(C)C,CC1=CC=CC=C1OC(=O)C(C)C
Octanal,454,NUJGJRNETVAIRJ-UHFFFAOYSA-N,NUJGJRNETVAIRJ-UHFFFAOYSA-N,Same,"InChI=1S/C8H16O/c1-2-3-4-5-6-7-8-9/h8H,2-7H2,1H3",CCCCCCCC=O,CCCCCCCC=O
octanedioic acid (suberic acid),10457,TYFQFVWCELRYAO-UHFFFAOYSA-N,NA,NA,"InChI=1S/C8H14O4/c9-7(10)5-3-1-2-4-6-8(11)12/h1-6H2,(H,9,10)(H,11,12)",C(CCCC(=O)O)CCC(=O)O,C(CCCC(=O)O)CCC(=O)O
Octanethiol,8144,KZCOBXFFBQJQHH-UHFFFAOYSA-N,KZCOBXFFBQJQHH-UHFFFAOYSA-N,Same,"InChI=1S/C8H18S/c1-2-3-4-5-6-7-8-9/h9H,2-8H2,1H3",CCCCCCCCS,CCCCCCCCS
Octyl formate,8176,AVBRYQRTMPHARE-UHFFFAOYSA-N,AVBRYQRTMPHARE-UHFFFAOYSA-N,Same,"InChI=1S/C9H18O2/c1-2-3-4-5-6-7-8-11-9-10/h9H,2-8H2,1H3",CCCCCCCCOC=O,CCCCCCCCOC=O
p-cymene,7463,HFPZCAJZSCWRBC-UHFFFAOYSA-N,HFPZCAJZSCWRBC-UHFFFAOYSA-N,Same,"InChI=1S/C10H14/c1-8(2)10-6-4-9(3)5-7-10/h4-8H,1-3H3",CC1=CC=C(C=C1)C(C)C,CC1=CC=C(C=C1)C(C)C
p-Tolyl isobutyrate,7685,UPPSFGGDKACIKP-UHFFFAOYSA-N,UPPSFGGDKACIKP-UHFFFAOYSA-N,Same,"InChI=1S/C11H14O2/c1-8(2)11(12)13-10-6-4-9(3)5-7-10/h4-8H,1-3H3",CC1=CC=C(C=C1)OC(=O)C(C)C,CC1=CC=C(C=C1)OC(=O)C(C)C
p-Tolyl phenylacetate,60997,OJEQSSJFSNLMLB-UHFFFAOYSA-N,OJEQSSJFSNLMLB-UHFFFAOYSA-N,Same,"InChI=1S/C15H14O2/c1-12-7-9-14(10-8-12)17-15(16)11-13-5-3-2-4-6-13/h2-10H,11H2,1H3",CC1=CC=C(C=C1)OC(=O)CC2=CC=CC=C2,CC1=CC=C(C=C1)OC(=O)CC2=CC=CC=C2
Pentanal,8063,HGBOYTHUEUWSSQ-UHFFFAOYSA-N,HGBOYTHUEUWSSQ-UHFFFAOYSA-N,Same,"InChI=1S/C5H10O/c1-2-3-4-5-6/h5H,2-4H2,1H3",CCCCC=O,CCCCC=O
Pentanoic Acid,7991,NQPDZGIKBAWPEJ-UHFFFAOYSA-N,NQPDZGIKBAWPEJ-UHFFFAOYSA-N,Same,"InChI=1S/C5H10O2/c1-2-3-4-5(6)7/h2-4H2,1H3,(H,6,7)",CCCCC(=O)O,CCCCC(=O)O
Pentyl acetate,12348,PGMYKACGEOXYJE-UHFFFAOYSA-N,PGMYKACGEOXYJE-UHFFFAOYSA-N,Same,"InChI=1S/C7H14O2/c1-3-4-5-6-9-7(2)8/h3-6H2,1-2H3",CCCCCOC(=O)C,CCCCCOC(=O)C
Pentyl propionate (Amyl propionate),12217,TWSRVQVEYJNFKQ-UHFFFAOYSA-N,NA,NA,"InChI=1S/C8H16O2/c1-3-5-6-7-10-8(9)4-2/h3-7H2,1-2H3",CCCCCOC(=O)CC,CCCCCOC(=O)CC
Phenyl acetate,31229,IPBVNPXQWQGGJP-UHFFFAOYSA-N,IPBVNPXQWQGGJP-UHFFFAOYSA-N,Same,"InChI=1S/C8H8O2/c1-7(9)10-8-5-3-2-4-6-8/h2-6H,1H3",CC(=O)OC1=CC=CC=C1,CC(=O)OC1=CC=CC=C1
Piperonal,8438,SATCULPHIDQDRE-UHFFFAOYSA-N,SATCULPHIDQDRE-UHFFFAOYSA-N,Same,"InChI=1S/C8H6O3/c9-4-6-1-2-7-8(3-6)11-5-10-7/h1-4H,5H2",C1OC2=C(O1)C=C(C=C2)C=O,C1OC2=C(O1)C=C(C=C2)C=O
Piperonyl acetate,9473,PFWYHTORQZAGCA-UHFFFAOYSA-N,PFWYHTORQZAGCA-UHFFFAOYSA-N,Same,"InChI=1S/C10H10O4/c1-7(11)12-5-8-2-3-9-10(4-8)14-6-13-9/h2-4H,5-6H2,1H3",CC(=O)OCC1=CC2=C(C=C1)OCO2,CC(=O)OCC1=CC2=C(C=C1)OCO2
Piperonyl alcohol,10322,BHUIUXNAPJIDOG-UHFFFAOYSA-N,BHUIUXNAPJIDOG-UHFFFAOYSA-N,Same,"InChI=1S/C8H8O3/c9-4-6-1-2-7-8(3-6)11-5-10-7/h1-3,9H,4-5H2",C1OC2=C(O1)C=C(C=C2)CO,C1OC2=C(O1)C=C(C=C2)CO
Propionic Acid,1032,XBDQKXXYIPTUBI-UHFFFAOYSA-N,XBDQKXXYIPTUBI-UHFFFAOYSA-N,Same,"InChI=1S/C3H6O2/c1-2-3(4)5/h2H2,1H3,(H,4,5)",CCC(=O)O,CCC(=O)O
Pyrazine,9261,KYQCOXFCLRTKLS-UHFFFAOYSA-N,KYQCOXFCLRTKLS-UHFFFAOYSA-N,Same,InChI=1S/C4H4N2/c1-2-6-4-3-5-1/h1-4H,C1=CN=CC=N1,C1=CN=CC=N1
"Quinoline (1-Benzazine;  2,3-Benzopyridine)",7047,SMWDFEZZVXVKRB-UHFFFAOYSA-N,SMWDFEZZVXVKRB-UHFFFAOYSA-N,Sane,InChI=1S/C9H7N/c1-2-6-9-8(4-1)5-3-7-10-9/h1-7H,C1=CC=C2C(=C1)C=CC=N2,C1=CC=C2C(=C1)C=CC=N2
Sassafras oil,5144,ZMQAAUBTXCXRIC-UHFFFAOYSA-N,NA,NA,"InChI=1S/C10H10O2/c1-2-3-8-4-5-9-10(6-8)12-7-11-9/h2,4-6H,1,3,7H2",C=CCC1=CC2=C(C=C1)OCO2,C=CCC1=CC2=C(C=C1)OCO2
Tetrahydrofuran,8028,WYURNTSHIVDZCO-UHFFFAOYSA-N,WYURNTSHIVDZCO-UHFFFAOYSA-N,Same,InChI=1S/C4H8O/c1-2-4-5-3-1/h1-4H2,C1CCOC1,C1CCOC1
Tetrahydropyran,8894,DHXVGJBLRPWPCS-UHFFFAOYSA-N,NA,NA,InChI=1S/C5H10O/c1-2-4-6-5-3-1/h1-5H2,C1CCOCC1,C1CCOCC1
thymol,6989,MGSRCZKZVOBKFT-UHFFFAOYSA-N,MGSRCZKZVOBKFT-UHFFFAOYSA-N,Same,"InChI=1S/C10H14O/c1-7(2)9-5-4-8(3)6-10(9)11/h4-7,11H,1-3H3",CC1=CC(=C(C=C1)C(C)C)O,CC1=CC(=C(C=C1)C(C)C)O
trans-2-Dodecenal,5283361,SSNZFFBDIMUILS-ZHACJKMWSA-N,SSNZFFBDIMUILS-ZHACJKMWSA-N,Same,"InChI=1S/C12H22O/c1-2-3-4-5-6-7-8-9-10-11-12-13/h10-12H,2-9H2,1H3/b11-10+",CCCCCCCCC/C=C/C=O,CCCCCCCCCC=CC=O
trans-2-Methyl-2-butenal (2MB),5321950,ACWQBUSCFPJUPN-HWKANZROSA-N,NA,NA,"InChI=1S/C5H8O/c1-3-5(2)4-6/h3-4H,1-2H3/b5-3+",C/C=C(\C)/C=O,CC=C(C)C=O
trans-2-Nonenal,5283335,BSAIUMLZVGUGKX-BQYQJAHWSA-N,BSAIUMLZVGUGKX-BQYQJAHWSA-N,Same,"InChI=1S/C9H16O/c1-2-3-4-5-6-7-8-9-10/h7-9H,2-6H2,1H3/b8-7+",CCCCCC/C=C/C=O,CCCCCCC=CC=O
trans-2-Undecenal,5283356,PANBRUWVURLWGY-MDZDMXLPSA-N,PANBRUWVURLWGY-MDZDMXLPSA-N,Same,"InChI=1S/C11H20O/c1-2-3-4-5-6-7-8-9-10-11-12/h9-11H,2-8H2,1H3/b10-9+",CCCCCCCC/C=C/C=O,CCCCCCCCC=CC=O
"trans-2,cis-6-Nonadienal",643731,HZYHMHHBBBSGHB-ODYTWBPASA-N,HZYHMHHBBBSGHB-ODYTWBPASA-N,Same,"InChI=1S/C9H14O/c1-2-3-4-5-6-7-8-9-10/h3-4,7-9H,2,5-6H2,1H3/b4-3-,8-7+",CC/C=C\CC/C=C/C=O,CCC=CCCC=CC=O
Triethylamine,8471,ZMANZCXQSJIPKH-UHFFFAOYSA-N,ZMANZCXQSJIPKH-UHFFFAOYSA-N,Same,"InChI=1S/C6H15N/c1-4-7(5-2)6-3/h4-6H2,1-3H3",CCN(CC)CC,CCN(CC)CC
Vanillin,1183,MWOOGOJBHIARFG-UHFFFAOYSA-N,MWOOGOJBHIARFG-UHFFFAOYSA-N,Same,"InChI=1S/C8H8O3/c1-11-8-4-6(5-9)2-3-7(8)10/h2-5,10H,1H3",COC1=C(C=CC(=C1)C=O)O,COC1=C(C=CC(=C1)C=O)O
w-Pentadecalactone,235414,FKUPPRZPSYCDRS-UHFFFAOYSA-N,NA,NA,InChI=1S/C15H28O2/c16-15-13-11-9-7-5-3-1-2-4-6-8-10-12-14-17-15/h1-14H2,C1CCCCCCCOC(=O)CCCCCC1,C1CCCCCCCOC(=O)CCCCCC1,
