row,col,well,index,index_rc
A,1,A1,TCGCAGG,CCTGCGA
A,2,A2,CTCTGCA,TGCAGAG
A,3,A3,CCTAGGT,ACCTAGG
A,4,A4,GGATCAA,TTGATCC
A,5,A5,GCAAGAT,ATCTTGC
A,6,A6,ATGGAGA,TCTCCAT
A,7,A7,CTCGATG,CATCGAG
A,8,A8,GCTCGAA,TTCGAGC
A,9,A9,ACCAACT,AGTTGGT
A,10,A10,CCGGTAC,GTACCGG
A,11,A11,AACTCCG,CGGAGTT
A,12,A12,TTGAAGT,ACTTCAA
B,1,B1,ACTATCA,TGATAGT
B,2,B2,TTGGATC,GATCCAA
B,3,B3,CGACCTG,CAGGTCG
B,4,B4,TAATGCG,CGCATTA
B,5,B5,AGGTACC,GGTACCT
B,6,B6,TGCGTCC,GGACGCA
B,7,B7,GAATCTC,GAGATTC
B,8,B8,CATGCTC,GAGCATG
B,9,B9,ACGCAAC,GTTGCGT
B,10,B10,GCATTGG,CCAATGC
B,11,B11,GATCTCG,CGAGATC
B,12,B12,CAATATG,CATATTG
C,1,C1,TGACGTC,GACGTCA
C,2,C2,GATGCCA,TGGCATC
C,3,C3,CAATTAC,GTAATTG
C,4,C4,AGATAGG,CCTATCT
C,5,C5,CCGATTG,CAATCGG
C,6,C6,ATGCCGC,GCGGCAT
C,7,C7,CAGTACT,AGTACTG
C,8,C8,AATAGTA,TACTATT
C,9,C9,CATCCGG,CCGGATG
C,10,C10,TCATGGT,ACCATGA
C,11,C11,AGAACCG,CGGTTCT
C,12,C12,TGGAATA,TATTCCA
D,1,D1,CAGGAGG,CCTCCTG
D,2,D2,AATACCT,AGGTATT
D,3,D3,CGAATGC,GCATTCG
D,4,D4,TTCGCAA,TTGCGAA
D,5,D5,AATTCAA,TTGAATT
D,6,D6,CGCGCAG,CTGCGCG
D,7,D7,AAGGTCT,AGACCTT
D,8,D8,ACTGGAC,GTCCAGT
D,9,D9,AGCAGGT,ACCTGCT
D,10,D10,GTACCGG,CCGGTAC
D,11,D11,GGTCAAG,CTTGACC
D,12,D12,AATGATG,CATCATT
E,1,E1,AGTCAGA,TCTGACT
E,2,E2,AACTAGA,TCTAGTT
E,3,E3,CTATGGC,GCCATAG
E,4,E4,CGACGGT,ACCGTCG
E,5,E5,AACCAAG,CTTGGTT
E,6,E6,CGGCGTA,TACGCCG
E,7,E7,GCAGTCC,GGACTGC
E,8,E8,CTCGCGC,GCGCGAG
E,9,E9,CTGCGAC,GTCGCAG
E,10,E10,ACGTATG,CATACGT
E,11,E11,ATACTGA,TCAGTAT
E,12,E12,TACTTAG,CTAAGTA
F,1,F1,AAGCTAA,TTAGCTT
F,2,F2,GACGGCG,CGCCGTC
F,3,F3,AGAAGAC,GTCTTCT
F,4,F4,GTCCGGC,GCCGGAC
F,5,F5,TCAGCTT,AAGCTGA
F,6,F6,AGAGCGC,GCGCTCT
F,7,F7,GCCTACG,CGTAGGC
F,8,F8,TAATCAT,ATGATTA
F,9,F9,AACCTGC,GCAGGTT
F,10,F10,GACGATT,AATCGTC
F,11,F11,TAGGCCG,CGGCCTA
F,12,F12,GGCATAG,CTATGCC
G,1,G1,TTCAACC,GGTTGAA
G,2,G2,TTAACTC,GAGTTAA
G,3,G3,TAGTCTA,TAGACTA
G,4,G4,TGCATGA,TCATGCA
G,5,G5,AATAAGC,GCTTATT
G,6,G6,AGCCTTG,CAAGGCT
G,7,G7,CCAACCT,AGGTTGG
G,8,G8,GCAGAAG,CTTCTGC
G,9,G9,AGAATTA,TAATTCT
G,10,G10,CAGCATC,GATGCTG
G,11,G11,TTCTAGG,CCTAGAA
G,12,G12,CCTCTAG,CTAGAGG
H,1,H1,CCGGATA,TATCCGG
H,2,H2,GCCGCCT,AGGCGGC
H,3,H3,AACGACC,GGTCGTT
H,4,H4,CCAGCGG,CCGCTGG
H,5,H5,TAGTTCC,GGAACTA
H,6,H6,TGGCAAT,ATTGCCA
H,7,H7,CGTATAT,ATATACG
H,8,H8,GCTAATC,GATTAGC
H,9,H9,GACTTCT,AGAAGTC
H,10,H10,GTACTAT,ATAGTAC
H,11,H11,CGAGATC,GATCTCG
H,12,H12,CGCAGCC,GGCTGCG